user,course
U_8123683,C_course-v1:TsinghuaX+30240184+sp
U_235996,C_course-v1:RiceX+AdvENVSCI_1x+sp
U_7140489,C_course-v1:TsinghuaX+TSINGHUA107+2019_T1
U_886050,C_course-v1:TsinghuaX+00690242+sp
U_328771,C_course-v1:TsinghuaX+00701032X+sp
U_2775639,C_course-v1:ACCA+MA2_X+sp
U_5339813,C_course-v1:AdelaideX+humbio101+sp
U_699597,C_course-v1:TsinghuaX+34100325_X+sp
U_1275332,C_course-v1:TsinghuaX+TsinghuaMandarin01+sp
U_9710560,C_course-v1:TsinghuaX+00670122X+sp
U_8390127,C_course-v1:TsinghuaX+00701032X+sp
U_120661,C_course-v1:BNU+0610073981+2019_T1
U_6889781,C_course-v1:HUBU+2017022703X+sp
U_8122375,C_course-v1:TsinghuaX+30640014X+sp
U_7278633,C_course-v1:TsinghuaX+70167012X+sp
U_6834582,C_course-v1:CQU+ICE20012+sp
U_13086,C_course-v1:TsinghuaX+60610231+2019_T1
U_560125,C_course-v1:TsinghuaX+20350033X+sp
U_6547698,C_course-v1:TsinghuaX+Thesis2016X+sp
U_401902,C_course-v1:SDSNAssociation+TOW001+sp
U_5248211,C_course-v1:TsinghuaX+80590952X+sp
U_6254600,C_course-v1:TsinghuaX+00690092X+sp
U_8242091,C_course-v1:TsinghuaX+THESIS2016X_tv+2016_T1
U_5791890,C_course-v1:TsinghuaX+30260032X_+2019_T1
U_7020848,C_course-v1:TsinghuaX+THESIS2016X_tv+2016_T1
U_6239563,C_course-v1:TsinghuaX+00040132X+sp
U_7185431,C_course-v1:BIT+PHY1701701+sp
U_10140938,C_course-v1:TsinghuaX+2070071X+2017_T1
U_9138229,C_course-v1:TsinghuaX+MOOC101_2015_2+sp
U_224167,C_course-v1:TsinghuaX+00612643X+sp
U_6580403,C_course-v1:TsinghuaX+00510663X+2019_T1
U_9715450,C_course-v1:CSU+82150112201+sp
U_1512421,C_course-v1:HUBU+HU08002X+sp
U_9889245,C_course-v1:TsinghuaX+20140064_2X+2018_sp
U_8727947,C_course-v1:TsinghuaX+60700052X+2019_T2
U_10175538,C_course-v1:ZUELX+B0601353+2018_T2
U_630371,C_course-v1:JSUX+2017011101X+sp
U_9412969,C_course-v1:TsinghuaX+30240184+sp
U_9227255,C_course-v1:TsinghuaX+30700313X+sp
U_4187344,C_course-v1:TsinghuaX+40160092X+2019_T1
U_1728291,C_course-v1:TsinghuaX+30240184_2X+sp
U_6332624,C_course-v1:UQx+Crime101x+sp
U_5217777,C_course-v1:UESTC+2017071301X+sp
U_687284,C_course-v1:TsinghuaX+00690212X-2+sp
U_1096789,C_course-v1:TsinghuaX+THU201605X+sp
U_1554210,C_course-v1:TsinghuaX+10610224X+sp
U_10277816,C_course-v1:TsinghuaX+60240202X+sp
U_10863128,C_course-v1:TsinghuaX+THU00001X+2019_T1
U_6167677,C_course-v1:TsinghuaX+00740043X_2015_T2+sp
U_470257,C_course-v1:TsinghuaX+2018032801X+2018_T1
U_505236,C_course-v1:TsinghuaX+00670122X+sp
U_6239929,C_course-v1:PekingX+Peking001x+_
U_2905775,C_course-v1:TsinghuaX+00740043X_2015_T2+sp
U_6489341,C_course-v1:TsinghuaX+30240184+sp
U_2490869,C_course-v1:GZHU+20180718001+2019_T1
U_2508893,C_course-v1:TsinghuaX+30700313X+sp
U_7142561,C_course-v1:BIFT+1301990078+2019_T1
U_7091525,C_course-v1:TsinghuaX+400182X+sp
U_6408936,C_course-v1:TsinghuaX+30670043X+sp
U_8490003,C_course-v1:Tsinghua+Thesis2017X+2017_T1
U_10869,C_course-v1:TsinghuaX+64100033X+SP
U_9444482,C_course-v1:TsinghuaX+30150153X+sp
U_7582971,C_course-v1:HUBU+2017022703X+sp
U_6071692,C_course-v1:TsinghuaX+00690212X+sp
U_4588724,C_course-v1:TsinghuaX+MOOC101_2015_2+sp
U_610664,C_course-v1:MITx+15_390_2x+sp
U_207144,C_course-v1:MITx+6_00_1x+sp
U_3003128,C_course-v1:TsinghuaX+30640014X+sp
U_8190494,C_course-v1:TsinghuaX+20250103X+sp
U_252747,C_course-v1:TsinghuaX+00690863X+sp
U_647660,C_course-v1:TsinghuaX+70250023X_2015_2+sp
U_8404856,C_course-v1:Tsinghuax+30130123X+sp
U_6941732,C_course-v1:TsinghuaX+20330334X_2015_2+sp
U_413566,C_course-v1:TsinghuaX+90640012X_1+2019_T1
U_5353430,C_course-v1:TsinghuaX+10430575X+2019_T1
U_545306,C_course-v1:TsinghuaX+20430064_2X+sp
U_10521265,C_course-v1:gmc+3060511+2018_T2
U_2464581,C_course-v1:TsinghuaX+20740084X+2019_T1
U_2007523,C_course-v1:TsinghuaX+30640014X+sp
U_7415411,C_course-v1:TsinghuaX+30240184+sp
U_446016,C_course-v1:TsinghuaX+00740123_X+sp
U_322059,C_course-v1:TsinghuaX+00612642X+sp
U_6494430,C_course-v1:TsinghuaX+40510293X+2019_T1
U_8436739,C_course-v1:TsinghuaX+70000662+2019_T1
U_10197569,C_course-v1:TsinghuaX+2018031901X+2019_T1
U_2736517,C_course-v1:TsinghuaX+30700313X+sp
U_9035797,C_course-v1:TsinghuaX+10610183_2X+sp
U_9152806,C_course-v1:TsinghuaX+30150303X+sp
U_8657153,C_course-v1:TsinghuaX+20220053X_2015_T2+sp
U_3176926,C_course-v1:TsinghuaX+60700052X+2019_T2
U_4351214,C_course-v1:TsinghuaX+70612463X+2019_T1
U_9016798,C_course-v1:HUBU+2017022703X+sp
U_3122432,C_course-v1:TsinghuaX+20250103X+sp
U_8853070,C_course-v1:XJTU+COMP200853+sp
U_6705966,C_course-v1:TsinghuaX+00690242+sp
U_1103245,C_course-v1:UC_BerkeleyX+CS_184_1x+sp
U_7100294,C_course-v1:TsinghuaX+30640014X+sp
U_9415550,C_course-v1:TsinghuaX+30700313X+sp
U_252353,C_course-v1:TsinghuaX+00701032X+sp
U_149849,C_course-v1:TsinghuaX+80000901X_1+sp
U_324070,C_course-v1:SEU+00690803+Sp
U_4815227,C_course-v1:TsinghuaX+34100325_X+sp
U_10610423,C_course-v1:USTC+2017011402X+2017_T1
U_10397966,C_course-v1:TsinghuaX+30260112X+sp
U_3853176,C_course-v1:TsinghuaX+00740043_2x_2015_T2+sp
U_7722966,C_course-v1:TsinghuaX+30700313X+sp
U_6944754,C_course-v1:JXUST+JXUST2016001+2016_T2
U_6909552,C_course-v1:TsinghuaX+20250103X+sp
U_8798004,C_course-v1:TsinghuaX+34000888X+sp
U_422087,C_course-v1:TsinghuaX+20220053X_2015_T2+sp
U_214439,C_course-v1:TsinghuaX+30240243X+sp
U_27602,C_course-v1:TsinghuaX+00690242+sp
U_10875222,C_course-v1:SXPI+40281x+2019_T1
U_8265119,C_course-v1:UST+UST001+sp
U_2294452,C_course-v1:Tsinghua+20150001+sp
U_1790115,C_course-v1:TsinghuaX+THESIS2016X_tv+2016_T1
U_3844796,C_course-v1:TsinghuaX+00690212X+sp
U_154067,C_course-v1:TsinghuaX+THUSEM002+2019_T1
U_71904,C_course-v1:TsinghuaX+00670122X+sp
U_1091935,C_course-v1:UC_BerkeleyX+CS_184_1x+sp
U_11487578,C_course-v1:TsinghuaX+400182X+2019_T1
U_7991840,C_course-v1:SCUT+145033+sp
U_3696433,C_course-v1:TsinghuaX+THU00001X+2019_T1
U_8476652,C_course-v1:TsinghuaX+20250103X+sp
U_6948398,C_course-v1:HUBU+2017030501X+sp
U_9263566,C_course-v1:TsinghuaX+10620204X+2019_T1
U_7082857,C_course-v1:TsinghuaX+30640014X+sp
U_4497449,C_course-v1:TsinghuaX+64100033X+2019_T1
U_7141628,C_course-v1:TsinghuaX+20330334X_2015_2+sp
U_3828592,C_course-v1:TsinghuaX+70660542X+2015_T2
U_2443115,C_course-v1:TsinghuaX+30240243X+sp
U_457444,C_course-v1:WUT+1022817X+sp
U_6909230,C_course-v1:TsinghuaX+10421075X_2015_2+sp
U_267623,C_course-v1:cup+20180130+sp
U_644916,C_course-v1:TsinghuaX+30640014X+sp
U_6649528,C_course-v1:MITx+6_002x+sp
U_8562774,C_course-v1:TsinghuaX+2018032801X+2018_T1
U_8098252,C_course-v1:TsinghuaX+0350161X_2015_T2+sp
U_10300993,C_course-v1:TsinghuaX+60240202X+sp
U_413109,C_course-v1:TsinghuaX+80515522X+sp
U_6158197,C_course-v1:TsinghuaX+10610224X+sp
U_9460212,C_course-v1:TsinghuaX+00310222X+sp
U_2604571,C_course-v1:TsinghuaX+30240243X+sp
U_1580694,C_course-v1:SEU+00690803+Sp
U_9888223,C_course-v1:TsinghuaX+64100033X+SP
U_8430411,C_course-v1:TsinghuaX+20250064+sp
U_8411236,C_course-v1:TsinghuaX+30700313X+sp
U_10918407,C_course-v1:TsinghuaX+AP000014X+2019_T1
U_10482644,C_course-v1:TsinghuaX+00740043X_2015_T2+sp
U_2909315,C_course-v1:LZU+20171113+SP
U_208654,C_course-v1:TsinghuaX+10800032X+sp
U_7583238,C_course-v1:TsinghuaX+30260112X+sp
U_6076782,C_course-v1:TsinghuaX+20330334X_2015_2+sp
U_1556110,C_course-v1:TsinghuaX+30240184_2X+sp
U_6222904,C_course-v1:TsinghuaX+20430064X+sp
U_5221563,C_course-v1:TsinghuaX+20330334X_2015_2+sp
U_767912,C_course-v1:TsinghuaX+30240184_2X+sp
U_9522430,C_course-v1:TsinghuaX+30803273X+2019_T1
U_10253852,C_course-v1:TsinghuaX+00740043X_2015_T2+sp
U_405986,C_course-v1:CUNY+20171211001+sp
U_6840880,C_course-v1:TsinghuaX+10610224X+sp
U_7090811,C_course-v1:TsinghuaX+34000888X+sp
U_9599092,C_course-v1:TsinghuaX+10421075X_2015_2+sp
U_8509960,C_course-v1:TsinghuaX+90640012X+sp
U_97248,C_course-v1:NBCC+NBCC000201+_sp
U_125561,C_course-v1:TsinghuaX+00740043X_2015_T2+sp
U_7205832,C_course-v1:TsinghuaX+30640014X+sp
U_8663498,C_course-v1:TsinghuaX+00701032X+sp
U_7011306,C_course-v1:Tsinghua+Thesis2017X+2017_T1
U_7111996,C_course-v1:TsinghuaX+30806872X+sp
U_7111999,C_course-v1:TsinghuaX+00040132X+sp
U_706405,C_course-v1:TsinghuaX+10430494X_2015_2+sp
U_4420044,C_course-v1:TsinghuaX+70120073X+sp
U_3232830,C_course-v1:GXUST+2017041901X+2017_T1
U_9530011,C_course-v1:TsinghuaX+00690342X+sp
U_3063638,C_course-v1:TsinghuaX+20240103X+2019_T1
U_8539837,C_course-v1:TsinghuaX+AP000005X+2019_T1
U_6274,C_course-v1:UST+UST001+sp
U_1458718,C_course-v1:MIL+MIL2016001+sp
U_7583510,C_course-v1:JNUX+07009156X+sp
U_8488500,C_course-v1:TsinghuaX+20250103X+sp
U_30910,C_course-v1:TsinghuaX+02070251X+sp
U_8389331,C_course-v1:TsinghuaX+34100325_X+sp
U_526416,C_course-v1:TsinghuaX+Pr20170406-SC_p1+sp
U_9484551,C_course-v1:TsinghuaX+30240184_2X+sp
U_4374499,C_course-v1:TsinghuaX+20250064+sp
U_1096189,C_course-v1:TsinghuaX+20220332X+sp
U_289420,C_course-v1:TsinghuaX+THESIS2015X+2015_T1
U_6119410,C_course-v1:TsinghuaX+80515522X+sp
U_6821154,C_course-v1:TsinghuaX+Thesis2018+sp
U_7322240,C_course-v1:NBCC+031J33B00+sp
U_6669701,C_course-v1:TsinghuaX+20220053X_2015_T2+sp
U_6139063,C_course-v1:TsinghuaX+20220053X_2015_T2+sp
U_8192214,C_course-v1:AdelaideX+Wine101x+sp
U_10678657,C_course-v1:TsinghuaX+00612642X+sp
U_8122233,C_course-v1:WUT+1022817X+sp
U_750043,C_course-v1:TsinghuaX+34100325_X+sp
U_6879577,C_course-v1:TsinghuaX+Pr20170406-SC_p1+sp
U_9066955,C_course-v1:SPI+20170828001x+sp
U_8484863,C_course-v1:TsinghuaX+00740043X_2015_T2+sp
U_88735,C_course-v1:TsinghuaX+04000083+2019_T1
U_4522051,C_course-v1:TsinghuaX+00690212X+sp
U_7801079,C_course-v1:MITx+6_00_1x+sp
U_6647704,C_course-v1:BIT+PHY1701701+sp
U_8577991,C_course-v1:MITx+15_390_2x+sp
U_10118094,C_course-v1:TsinghuaX+30700313X+2019_T1
U_2799172,C_course-v1:TsinghuaX+30240184_2X+sp
U_1884081,C_course-v1:TsinghuaX+60700052X+2019_T1
U_9383008,C_course-v1:TsinghuaX+TSINGHUA107+sp
U_4177953,C_course-v1:TsinghuaX+10430484X_2015_2+sp
U_7212408,C_course-v1:TsinghuaX+00612642X+sp
U_544554,C_course-v1:TsinghuaX+10610224X+sp
U_6392446,C_course-v1:TsinghuaX+60240013X+sp
U_4442398,C_course-v1:TsinghuaX+00310222X+sp
U_200765,C_course-v1:TsinghuaX+20740084X+2019_T1
U_10685825,C_course-v1:TsinghuaX+00691153X+2019_T1
U_9222343,C_course-v1:TsinghuaX+40050455X+sp
U_5105033,C_course-v1:TsinghuaX+AP000001X+2019_T1
U_240683,C_course-v1:LinuxFoundationX+Linux001+sp
U_744018,C_course-v1:TsinghuaX+10421075X_2015_2+sp
U_8034620,C_course-v1:TsinghuaX+40050455X+sp
U_6835700,C_course-v1:SCUT+145055+sp
U_8095463,C_course-v1:TsinghuaX+81020142X+sp
U_2933719,C_course-v1:TsinghuaX+20220053X_2015_T2+sp
U_8075550,C_course-v1:TsinghuaX+00690092X+sp
U_7001215,C_course-v1:TsinghuaX+00740043_2x_2015_T2+sp
U_7423998,C_course-v1:TsinghuaX+30240184_2X+sp
U_7594103,C_course-v1:TsinghuaX+30240184+sp
U_3234246,C_course-v1:TsinghuaX+00740123_X+sp
U_3234249,C_course-v1:TsinghuaX+30640014X+2019_T1
U_9364708,C_course-v1:TsinghuaX+AP000016X+2019_T1
U_6978915,C_course-v1:TsinghuaX+10610224X+sp
U_7726028,C_course-v1:TsinghuaX+10610193X+sp
U_6643176,C_course-v1:TsinghuaX+30240243X+sp
U_10521268,C_course-v1:TsinghuaX+30240243X+sp
U_8155641,C_course-v1:TsinghuaX+20220214X+2019_T1
U_7973418,C_course-v1:KMUSTX+8209001+sp
U_8402071,C_course-v1:MIL+MIL2016001+sp
U_10566467,C_course-v1:BIT+100070018+2019_T1
U_1119491,C_course-v1:UQx+Crime101x+sp
U_6672408,C_course-v1:TsinghuaX+20140064X+2018_sp
U_10567675,C_course-v1:TsinghuaX+00612642X+sp
U_6767785,C_course-v1:TsinghuaX+10430484X_2015_2+sp
U_6819855,C_course-v1:SCUEC+0171229001+sp
U_9224909,C_course-v1:TsinghuaX+10430494X_2015_2+sp
U_8035216,C_course-v1:TsinghuaX+81020142X+sp
U_8095750,C_course-v1:TsinghuaX+00740043X_2015_T2+sp
U_7144183,C_course-v1:TsinghuaX+00740043_2x_2015_T2+sp
U_651188,C_course-v1:MITx+6_00_1x+sp
U_6435302,C_course-v1:TsinghuaX+10421075X_2015_2+sp
U_7794432,C_course-v1:Tsinghua+20150001+sp
U_7153841,C_course-v1:TsinghuaX+10430494X_2015_2+sp
U_679343,C_course-v1:TsinghuaX+20220332X+sp
U_9436936,C_course-v1:JXUST+JXUST2016001+2016_T2
U_8749378,C_course-v1:TsinghuaX+30640014X+sp
U_2498484,C_course-v1:BerkeleyX+CS169_1X+sp
U_3050431,C_course-v1:TsinghuaX+30240184_2X+sp
U_5533787,C_course-v1:TsinghuaX+10421075X_2015_2+sp
U_7073440,C_course-v1:UST+UST001+sp
U_10220066,C_course-v1:TsinghuaX+AP000016X+2019_T1
U_9172435,C_course-v1:TsinghuaX+Thesis2016X+sp
U_1185402,C_course-v1:TsinghuaX+10610224X+sp
U_7372005,C_course-v1:TsinghuaX+20350033X+sp
U_8493282,C_course-v1:TsinghuaX+80000271X+sp
U_25454,C_course-v1:TsinghuaX+20250103X+sp
U_10634434,C_course-v1:TsinghuaX+70000662+2019_T1
U_10599321,C_course-v1:TsinghuaX+2018032801X+2018_T1
U_7581972,C_course-v1:TsinghuaX+20120143X+sp
U_7089104,C_course-v1:TsinghuaX+THU201605X+sp
U_6711784,C_course-v1:TsinghuaX+THESIS2015X_tv+2015_T1
U_8247393,C_course-v1:TsinghuaX+80000901X_2+sp
U_4339543,C_course-v1:TsinghuaX+30150303X+sp
U_7085733,C_course-v1:TsinghuaX+00690092X+sp
U_5309889,C_course-v1:TsinghuaX+30240243X+sp
U_262457,C_course-v1:HIT+HIT2016001+sp
U_382086,C_course-v1:PSFFC+2018102405X+2018_T2
U_1230579,C_course-v1:TsinghuaX+30240184+sp
U_362989,C_course-v1:TsinghuaX+10430494X_2015_2+sp
U_10525039,C_course-v1:TsinghuaX+00690863X+sp
U_7428953,C_course-v1:TsinghuaX+30240243X+sp
U_7026568,C_course-v1:NBCC+NBCC000201+_sp
U_2936201,C_course-v1:TsinghuaX+30240184+sp
U_4441492,C_course-v1:TsinghuaX+2018031601X+2019_T1
U_4441496,C_course-v1:TsinghuaX+10421084X_2015_2+sp
U_4441498,C_course-v1:TsinghuaX+30240184+sp
U_8384432,C_course-v1:BJTU+2017072501X+sp
U_7807563,C_course-v1:TsinghuaX+20220214X+2019_T1
U_8877819,C_course-v1:TsinghuaX+20250064+sp
U_2937051,C_course-v1:TsinghuaX+00740123_X+sp
U_8568104,C_course-v1:TsinghuaX+80515522X+sp
U_9987152,C_course-v1:CSU+20180918X+2018_T2
U_7780733,C_course-v1:TsinghuaX+00690092X+sp
U_10770703,C_course-v1:TsinghuaX+30640014X+sp
U_8455193,C_course-v1:NUDT+125205501+sp
U_993552,C_course-v1:TsinghuaX+00740043_2x_2015_T2+sp
U_2528888,C_course-v1:RiceX+AdvBIO_1x+sp
U_467043,C_course-v1:TsinghuaX+20330334X_2015_2+sp
U_4442340,C_course-v1:TsinghuaX+20440333X+sp
U_9563758,C_course-v1:TsinghuaX+34000888X+sp
U_7101780,C_course-v1:TsinghuaX+00740043X_2015_T2+sp
U_7657575,C_course-v1:TsinghuaX+20250064+sp
U_8825296,C_course-v1:TsinghuaX+20330334X_2015_2+sp
U_7080387,C_course-v1:TsinghuaX+10430484X_2015_2+sp
U_1547033,C_course-v1:TsinghuaX+80611322X+sp
U_7634612,C_course-v1:TsinghuaX+20250103X+sp
U_7098347,C_course-v1:TsinghuaX+70240403+2019_T1
U_3692181,C_course-v1:TsinghuaX+00740043X_2015_T2+sp
U_6588117,C_course-v1:TsinghuaX+10421094X_2015_2+sp
U_8527234,C_course-v1:GZHU+136300904+sp
U_505776,C_course-v1:TsinghuaX+THESIS2015X+2015_T1
U_657838,C_course-v1:TsinghuaX+00720091X+sp
U_2383401,C_course-v1:TsinghuaX+70150023X+sp
U_464270,C_course-v1:UQx+Think101x+sp
U_4461134,C_course-v1:TsinghuaX+80000271X+sp
U_6554552,C_course-v1:TsinghuaX+MOOC101_2015_2+sp
U_9767221,C_course-v1:TsinghuaX+70167012X+sp
U_9589969,C_course-v1:TsinghuaX+AP000013X+2019_T1
U_8164249,C_course-v1:TsinghuaX+30240184+sp
U_8020637,C_course-v1:TsinghuaX+30700313X+sp
U_207553,C_course-v1:TsinghuaX+30640014X+sp
U_6448791,C_course-v1:TsinghuaX+00740043X_2015_T2+sp
U_10599397,C_course-v1:TsinghuaX+00740043_1x+2019_T1
U_9112846,C_course-v1:TsinghuaX+00612642X+sp
U_10143270,C_course-v1:LinuxFoundationX+Linux001+sp
U_448238,C_course-v1:TsinghuaX+00690863X+sp
U_409035,C_course-v1:TsinghuaX+60700052X+2019_T1
U_2967444,C_course-v1:TsinghuaX+70612463X+sp
U_7060040,C_course-v1:TsinghuaX+0350161X_2015_T2+sp
U_9112112,C_course-v1:TsinghuaX+30640014X+sp
U_4551060,C_course-v1:TsinghuaX+Pr20170406-SC_p1+sp
U_10363027,C_course-v1:TsinghuaX+00740043_1x+2019_T1
U_8094496,C_course-v1:MIL+MIL2016001+sp
U_9657153,C_course-v1:TsinghuaX+10421075X_2015_2+sp
U_8000912,C_course-v1:UESTC+2017071301X+sp
U_646367,C_course-v1:ACCA+FA2_X+sp
U_2910245,C_course-v1:TsinghuaX+30240184+sp
U_5986865,C_course-v1:TsinghuaX+0350161X_2015_T2+sp
U_4441560,C_course-v1:TsinghuaX+2018031601X+2019_T1
U_4441565,C_course-v1:TsinghuaX+30240243X+sp
U_2490085,C_course-v1:TsinghuaX+30240184+sp
U_252357,C_course-v1:TsinghuaX+Thesis2018+sp
U_7634174,C_course-v1:TsinghuaX+10421094X_2015_2+sp
U_7591443,C_course-v1:TsinghuaX+Pr20170406-SC_p1+sp
U_10485290,C_course-v1:CQU+MATH20041X+2019_T1
U_9915731,C_course-v1:TsinghuaX+30240243X+sp
U_9809319,C_course-v1:CSU+210201T10+sp
U_6981549,C_course-v1:TsinghuaX+20220332X+sp
U_2855215,C_course-v1:ZJUX+2017011101X+2017_T1
U_8090415,C_course-v1:TsinghuaX+00690342X+sp
U_7064616,C_course-v1:TsinghuaX+00612643X+sp
U_8402113,C_course-v1:XJTU+COMP200853+sp
U_10653976,C_course-v1:SCUT+145033+sp
U_791468,C_course-v1:Tsinghua+Thesis2017X+2017_T1
U_187202,C_course-v1:TsinghuaX+80000901X_1+sp
U_8151984,C_course-v1:TsinghuaX+10421102x_2015_T2+sp
U_10583971,C_course-v1:TsinghuaX+00612642X+sp
U_10362769,C_course-v1:TsinghuaX+20220332X+2019_T1
U_6899330,C_course-v1:TsinghuaX+80515522X+sp
U_3714914,C_course-v1:TsinghuaX+20330334X_2015_2+sp
U_241824,C_course-v1:TsinghuaX+00690242+sp
U_8875745,C_course-v1:TsinghuaX+10620204X+2019_T1
U_9321882,C_course-v1:TsinghuaX+44100343X+2019_T1
U_8394469,C_course-v1:TsinghuaX+30240184_2X+sp
U_5311670,C_course-v1:TsinghuaX+10610193X+sp
U_9345802,C_course-v1:TsinghuaX+20150001+2019_T1
U_710406,C_course-v1:TsinghuaX+30240184_2X+sp
U_10243573,C_course-v1:TsinghuaX+30130274X+2019_T1
U_1540134,C_course-v1:TsinghuaX+20250103X+sp
U_8862657,C_course-v1:TsinghuaX+30240184+sp
U_6190684,C_course-v1:SCUT+145033+sp
U_10094023,C_course-v1:TsinghuaX+00701032X+sp
U_1478068,C_course-v1:TsinghuaX+80515522X+sp
U_7323537,C_course-v1:TsinghuaX+10430494X_2015_2+sp
U_8798003,C_course-v1:XJTU+COMP200853+sp
U_8863404,C_course-v1:TsinghuaX+JRFX01+2019_T1
U_7845196,C_course-v1:TsinghuaX+20430064X+sp
U_482232,C_course-v1:TsinghuaX+30700313X+sp
U_1135920,C_course-v1:TsinghuaX+20120143X+sp
U_422086,C_course-v1:TsinghuaX+00691153X+2019_T1
U_10388097,C_course-v1:TsinghuaX+10610224X+sp
U_1829209,C_course-v1:FUDANx+SOSC120007+2019_T1
U_2991691,C_course-v1:TsinghuaX+02070251X+sp
U_10560019,C_course-v1:TsinghuaX+04000083+2019_T1
U_697558,C_course-v1:TsinghuaX+20350033X+sp
U_7672876,C_course-v1:TsinghuaX+30640014X+sp
U_6819937,C_course-v1:TsinghuaX+00612642X+sp
U_8887211,C_course-v1:TsinghuaX+10430484X_2015_2+sp
U_6281829,C_course-v1:TsinghuaX+20430064X+sp
U_7781910,C_course-v1:TsinghuaX+THU201605X+sp
U_20384,C_course-v1:TsinghuaX+00680082X+sp
U_725891,C_course-v1:MicrosoftX+Microsoft101+sp
U_9017457,C_course-v1:TsinghuaX+00612642X+sp
U_9017454,C_course-v1:TsinghuaX+AP000015X+2019_T1
U_10810671,C_course-v1:GZHU+000001004+sp
U_160094,C_course-v1:TsinghuaX+00690092X+sp
U_2839509,C_course-v1:TsinghuaX+80000901X_1+sp
U_6435008,C_course-v1:TsinghuaX+20250103X+sp
U_2978239,C_course-v1:TsinghuaX+60240013X+sp
U_1046099,C_course-v1:WHUT+20171128+sp
U_7148892,C_course-v1:HEBNU+2017011901X+sp
U_8769469,C_course-v1:TsinghuaX+80515522X+sp
U_413950,C_course-v1:TsinghuaX+10421084X_2015_2+sp
U_9679076,C_course-v1:NJU+C1026+2016_T2
U_1092263,C_course-v1:TsinghuaX+30240184_2X+sp
U_9076052,C_course-v1:TsinghuaX+90640012X+sp
U_8424002,C_course-v1:MIL+MIL2016001+sp
U_4297762,C_course-v1:TsinghuaX+40260173X+2019_T1
U_650313,C_course-v1:TsinghuaX+70150023X+sp
U_4465729,C_course-v1:TsinghuaX+30240243X+sp
U_8108781,C_course-v1:TsinghuaX+10421094X_2015_2+sp
U_132420,C_course-v1:TsinghuaX+30240243X+sp
U_4583353,C_course-v1:MITx+6_00_1x+sp
U_9824618,C_course-v1:TsinghuaX+30240184+sp
U_8454332,C_course-v1:TsinghuaX+00740043X_2015_T2+sp
U_3079450,C_course-v1:TsinghuaX+30240184+sp
U_9309184,C_course-v1:XJTU+COMP200853+sp
U_260192,C_course-v1:ZUELX+B0800280+sp
U_672027,C_course-v1:TsinghuaX+20220053X_2015_T2+sp
U_10577881,C_course-v1:TsinghuaX+20220332X+sp
U_757588,C_course-v1:TsinghuaX+30240184+sp
U_2809258,C_course-v1:TsinghuaX+30240184+sp
U_1651742,C_course-v1:TsinghuaX+10610183_2X+2019_T1
U_2297829,C_course-v1:TsinghuaX+00740043_2x_2015_T2+sp
U_8098810,C_course-v1:HUBU+HU08003X+sp
U_8030354,C_course-v1:TsinghuaX+00740113_1X+sp
U_639571,C_course-v1:Tsinghuax+30130123X+sp
U_8747865,C_course-v1:TsinghuaX+00690863X+sp
U_546944,C_course-v1:TsinghuaX+00612642X+sp
U_318951,C_course-v1:TsinghuaX+TSINGHUA107+sp
U_9974853,C_course-v1:TsinghuaX+00740043X_2015_T2+sp
U_268801,C_course-v1:TsinghuaX+00690212X+sp
U_7053123,C_course-v1:TsinghuaX+10421075X_2015_2+sp
U_4418446,C_course-v1:TsinghuaX+10610224X+2019_T1
U_7651790,C_course-v1:SCUEC+0171229001+sp
U_7651791,C_course-v1:TsinghuaX+30240184+sp
U_7132220,C_course-v1:BIT+100070018+2019_T2
U_9316811,C_course-v1:TsinghuaX+30240184_2X+sp
U_421995,C_course-v1:TsinghuaX+00740043X_2015_T2+sp
U_5316084,C_course-v1:TsinghuaX+80000822X+sp
U_156554,C_course-v1:FUDANx+ECON1300812+sp
U_11591759,C_course-v1:XJTU+C00204+2019_T1
U_6074534,C_course-v1:MIL+MIL2016001+sp
U_3707692,C_course-v1:TsinghuaX+70150023X+sp
U_10580672,C_course-v1:KMUSTX+1193004+2019_T1
U_1897309,C_course-v1:TsinghuaX+10610193X+2019_T1
U_2603850,C_course-v1:TsinghuaX+30240184_2X+sp
U_311294,C_course-v1:KMUSTX+8209001+sp
U_10250928,C_course-v1:TsinghuaX+THU201606X+2019_T1
U_657917,C_course-v1:TsinghuaX+10421084X_2015_2+sp
U_65946,C_course-v1:SCUT+SM001+2019_T1
U_8032095,C_course-v1:TsinghuaX+00740043X_2015_T2+sp
U_2904607,C_course-v1:TsinghuaX+20220053X_2015_T2+sp
U_8482053,C_course-v1:TsinghuaX+20250064X+sp
U_8482059,C_course-v1:TsinghuaX+00701032X+sp
U_627085,C_course-v1:NJU+C1026+2016_T2
U_9413141,C_course-v1:TsinghuaX+20220332X+sp
U_3057725,C_course-v1:TsinghuaX+30240184+sp
U_10888558,C_course-v1:SCUT+2018122802X+2018_T2
U_8483681,C_course-v1:TsinghuaX+00690092X+sp
U_7665142,C_course-v1:SCUT+145223+2019_T1
U_9013896,C_course-v1:TsinghuaX+20330334X_2015_2+sp
U_4440636,C_course-v1:TsinghuaX+40050444X+2019_T1
U_9466672,C_course-v1:TsinghuaX+00690092X+sp
U_10800885,C_course-v1:cup+20180130+sp
U_7067716,C_course-v1:JNUX+07009156X+sp
U_10281850,C_course-v1:CSU+2018020201X+sp
U_5097756,C_course-v1:TsinghuaX+34100325_X+sp
U_8485514,C_course-v1:XJTU+COMP200853+sp
U_2286243,C_course-v1:TsinghuaX+10421075X_2015_2+sp
U_7989939,C_course-v1:TsinghuaX+10430484X_2015_2+sp
U_10032755,C_course-v1:TsinghuaX+AP000005X+2019_T1
U_4786950,C_course-v1:TsinghuaX+00740123_X+sp
U_7074685,C_course-v1:TsinghuaX+30240184+sp
U_8508846,C_course-v1:TsinghuaX+80512073X+2019_T1
U_8806617,C_course-v1:TsinghuaX+30240184+sp
U_10402446,C_course-v1:TsinghuaX+00510888X+2019_T1
U_10359065,C_course-v1:TsinghuaX+00612642X+sp
U_7594101,C_course-v1:TsinghuaX+40050455X+sp
U_10783393,C_course-v1:TsinghuaX+20250064+sp
U_1201914,C_course-v1:MicrosoftX+Microsoft101+sp
U_9846519,C_course-v1:TsinghuaX+20220332X+sp
U_6066001,C_course-v1:TsinghuaX+40050455_2X+sp
U_2993044,C_course-v1:TsinghuaX+30240184+sp
U_9538387,C_course-v1:TsinghuaX+30640014X+sp
U_10404869,C_course-v1:TsinghuaX+90640012X+sp
U_7193771,C_course-v1:TsinghuaX+30240243X+sp
U_7193778,C_course-v1:MITx+6_00_1x+sp
U_10777930,C_course-v1:TsinghuaX+90640012X+sp
U_10116049,C_course-v1:TsinghuaX+20250064+sp
U_8453059,C_course-v1:JNUX+07009156X+sp
U_10699718,C_course-v1:TsinghuaX+00612642X+sp
U_8824953,C_course-v1:TsinghuaX+30700313X+sp
U_8824957,C_course-v1:TsinghuaX+20220332X+sp
U_8824959,C_course-v1:TsinghuaX+00612643X+sp
U_8824958,C_course-v1:TsinghuaX+30240184+sp
U_484201,C_course-v1:TsinghuaX+00690212X+sp
U_9658483,C_course-v1:TsinghuaX+30240184+sp
U_9910483,C_course-v1:TsinghuaX+20120143X+2019_T1
U_8261884,C_course-v1:HUBU+HU08002X+sp
U_11628214,C_course-v1:nxu+2018122713+2019_T1
U_5305505,C_course-v1:TsinghuaX+34100325_X+sp
U_11577686,C_course-v1:TsinghuaX+90640012X+2019_T1
U_7834216,C_course-v1:TsinghuaX+30240184_2X+sp
U_7834213,C_course-v1:TsinghuaX+30240243X+sp
U_10704697,C_course-v1:nxu+2018122712+2019_T1
U_9067573,C_course-v1:TsinghuaX+20220332X+sp
U_6580509,C_course-v1:PekingX+Peking001x+_
U_8949168,C_course-v1:TsinghuaX+00740123_X+sp
U_2575567,C_course-v1:CSU+20180918X+2018_T2
U_9093313,C_course-v1:TsinghuaX+400182X+sp
U_7450929,C_course-v1:SCUT+SM001+2019_T1
U_11677161,C_course-v1:HUBU+HU08002X+sp
U_9845141,C_course-v1:TsinghuaX+20250064+sp
U_10521263,C_course-v1:TsinghuaX+34100325_X+sp
U_7995793,C_course-v1:UQx+Think101x+sp
U_386295,C_course-v1:TsinghuaX+00740123_X+sp
U_7201823,C_course-v1:TsinghuaX+30240184+sp
U_7978957,C_course-v1:TsinghuaX+00740043X_2015_T2+sp
U_9781333,C_course-v1:TsinghuaX+00612643X+sp
U_8524217,C_course-v1:TsinghuaX+2018032801X+2018_T1
U_10776988,C_course-v1:TsinghuaX+00690863X+2019_T1
U_10776980,C_course-v1:TsinghuaX+8070071301+2019_T1
U_610566,C_course-v1:TsinghuaX+30240184+sp
U_6980934,C_course-v1:TsinghuaX+00740043X_2015_T2+sp
U_3247308,C_course-v1:TsinghuaX+30700313X+sp
U_7430808,C_course-v1:TsinghuaX+34000888X+sp
U_1113163,C_course-v1:TsinghuaX+30640014X+sp
U_8452203,C_course-v1:TsinghuaX+20220332X+sp
U_11907057,C_course-v1:UQx+Think101x+sp
U_5525348,C_course-v1:TsinghuaX+2018032801X+2018_T1
U_7582137,C_course-v1:TsinghuaX+Pr20170406-SC_p1+sp
U_2206779,C_course-v1:TsinghuaX+70660542X+2015_T2
U_7973416,C_course-v1:ZJFF+000516+sp
U_9339632,C_course-v1:JNUX+07009156X+sp
U_4698461,C_course-v1:TsinghuaX+80000822X+sp
U_3201575,C_course-v1:TsinghuaX+10430494X_2015_2+sp
U_10751815,C_course-v1:TsinghuaX+80000271X+sp
U_7108656,C_course-v1:UQx+Crime101x+sp
U_6695337,C_course-v1:SCUEC+0171229001+sp
U_9349873,C_course-v1:MITx+6_00_1x+sp
U_9193168,C_course-v1:UST+UST001+sp
U_9211895,C_course-v1:TsinghuaX+30640014X+sp
U_10202058,C_course-v1:MITx+15_390_2x+sp
U_8173641,C_course-v1:TsinghuaX+80515522X+sp
U_1095842,C_course-v1:TsinghuaX+10430484X_2015_2+sp
U_9779695,C_course-v1:LUIBE+2018080601+2019_T1
U_9972973,C_course-v1:TsinghuaX+80515522X+sp
U_9311025,C_course-v1:TsinghuaX+00740043X_2015_T2+sp
U_10526013,C_course-v1:TsinghuaX+70800232X+2019_T1
U_8386485,C_course-v1:TsinghuaX+30640014X+sp
U_8247723,C_course-v1:TsinghuaX+30240184+sp
U_11558007,C_course-v1:TsinghuaX+30700313X+sp
U_6299727,C_course-v1:TsinghuaX+00690092X+sp
U_10404865,C_course-v1:TsinghuaX+30240184_2X+sp
U_7140449,C_course-v1:UQx+Crime101x+sp
U_9890137,C_course-v1:HQU+20180307002+2019_T1
U_8179002,C_course-v1:TsinghuaX+70612463X+sp
U_7187988,C_course-v1:TsinghuaX+80515522X+sp
U_10632202,C_course-v1:TsinghuaX+2018031601X+2019_T1
U_1948015,C_course-v1:TsinghuaX+30240243X+sp
U_10637185,C_course-v1:TsinghuaX+00740043X_2015_T2+sp
U_10637186,C_course-v1:TsinghuaX+00990021X+2019_T1
U_10637187,C_course-v1:TsinghuaX+2018031601X+2019_T1
U_10637183,C_course-v1:TsinghuaX+00740043_1x+2019_T1
U_6178257,C_course-v1:TsinghuaX+30240184_2X+sp
U_7012251,C_course-v1:TsinghuaX+30240243X+sp
U_8860157,C_course-v1:LZU+20171113+SP
U_6868195,C_course-v1:TsinghuaX+10610193X+sp
U_7017153,C_course-v1:TsinghuaX+20220053X_2015_T2+sp
U_10599780,C_course-v1:KMUSTX+2018091101X+2019_T1
U_6903870,C_course-v1:MIL+MIL2016001+sp
U_7261367,C_course-v1:UC_BerkeleyX+CS_184_1x+sp
U_9427015,C_course-v1:TsinghuaX+00740043X_2015_T2+sp
U_10598667,C_course-v1:TsinghuaX+30590023+2019_T1
U_1829105,C_course-v1:FudanX+SOSC120007+sp
U_9491333,C_course-v1:TsinghuaX+40260092X+sp
U_6942053,C_course-v1:TsinghuaX+30240243X+sp
U_10494614,C_course-v1:HBPU+20181226006X+2018_T2
U_11579202,C_course-v1:TsinghuaX+Thesis2016X+sp
U_7429463,C_course-v1:ZJUX+2017011101X+2017_T1
U_1508593,C_course-v1:TsinghuaX+20120143X+sp
U_8496726,C_course-v1:HUBU+HU08002X+sp
U_6226432,C_course-v1:TsinghuaX+30640014X+sp
U_6672403,C_course-v1:TsinghuaX+30640014X+sp
U_10508688,C_course-v1:TsinghuaX+00740043X_2015_T2+sp
U_7420588,C_course-v1:NJU+C1026+2016_T2
U_10974993,C_course-v1:UIR+2018040201X+2019_T1
U_504844,C_course-v1:TsinghuaX+30240243X+sp
U_7695099,C_course-v1:TsinghuaX+30240184_2X+sp
U_8599173,C_course-v1:TsinghuaX+00740123X+2019_T1
U_10567677,C_course-v1:TsinghuaX+30240233X+2019_T1
U_6273757,C_course-v1:TsinghuaX+00740043X_2015_T2+sp
U_6245620,C_course-v1:TsinghuaX+70612463X+sp
U_10519923,C_course-v1:TsinghuaX+30240184+sp
U_10519924,C_course-v1:TsinghuaX+30240184+sp
U_9980843,C_course-v1:TsinghuaX+AP000008X+2019_T1
U_6819851,C_course-v1:SCUT+145055+sp
U_570662,C_course-v1:TsinghuaX+00740043X_2015_T2+sp
U_9588598,C_course-v1:WUT+1022817X+2019_T1
U_279082,C_course-v1:TsinghuaX+30670043X+sp
U_8563140,C_course-v1:FudanX+SOSC120007+sp
U_9456917,C_course-v1:TsinghuaX+00740123X+2019_T1
U_11718307,C_course-v1:TsinghuaX+44100343X+2019_T1
U_7367544,C_course-v1:TsinghuaX+00040132X+sp
U_8080252,C_course-v1:TsinghuaX+30700313X+sp
U_7541248,C_course-v1:TsinghuaX+80000271X+sp
U_7541245,C_course-v1:TsinghuaX+20250064X+sp
U_9611470,C_course-v1:WellesleyX+HIST229x+sp
U_3160702,C_course-v1:TsinghuaX+20220053X_2015_T2+sp
U_11394204,C_course-v1:BNU+2018091301X+2019_T1
U_10495043,C_course-v1:TsinghuaX+00740043X_2015_T2+sp
U_10495049,C_course-v1:TsinghuaX+30640014X+sp
U_6374554,C_course-v1:TsinghuaX+20430064X+sp
U_3007197,C_course-v1:TsinghuaX+20250064+sp
U_10927544,C_course-v1:TsinghuaX+10610193X+sp
U_9764189,C_course-v1:TsinghuaX+70000662+2019_T1
U_6922295,C_course-v1:UQx+Think101x+sp
U_8495334,C_course-v1:TsinghuaX+00701032X+sp
U_6227624,C_course-v1:TsinghuaX+30700313X+sp
U_8495331,C_course-v1:MIL+MIL2016001+sp
U_4294124,C_course-v1:NJU+C1026+2016_T2
U_1074880,C_course-v1:TsinghuaX+00690242+sp
U_3135579,C_course-v1:TsinghuaX+30240184+sp
U_1074885,C_course-v1:TsinghuaX+00740043_2x_2015_T2+sp
U_9558512,C_course-v1:TsinghuaX+00720091X+2019_T1
U_10254328,C_course-v1:UESTC+2017071301X+sp
U_10679561,C_course-v1:TsinghuaX+30240184+sp
U_1002240,C_course-v1:MIL+MIL2016001+sp
U_8189075,C_course-v1:TsinghuaX+00701032X+sp
U_8189076,C_course-v1:TsinghuaX+34000888X+sp
U_6954247,C_course-v1:JNUX+07009156X+sp
U_8035214,C_course-v1:TsinghuaX+10610224X+2019_T1
U_10810119,C_course-v1:PekingX+2018122101X+2019_T1
U_11141906,C_course-v1:TsinghuaX+00670122+2019_T1
U_2050136,C_course-v1:TsinghuaX+00740043X_2015_T2+sp
U_10313530,C_course-v1:UQx+Crime101x+sp
U_10313532,C_course-v1:TsinghuaX+00740043X_2015_T2+sp
U_9755328,C_course-v1:TsinghuaX+00740113_1X+sp
U_9232038,C_course-v1:TsinghuaX+20250064+sp
U_2435481,C_course-v1:TsinghuaX+10430494X_2015_2+sp
U_11269787,C_course-v1:TsinghuaX+30240184+sp
U_10639740,C_course-v1:TsinghuaX+2018031601X+2019_T1
U_10789267,C_course-v1:TsinghuaX+10610183_2X+2019_T1
U_9068409,C_course-v1:TsinghuaX+00740043X_2015_T2+sp
U_10552728,C_course-v1:TsinghuaX+30240184+sp
U_2133970,C_course-v1:SEU+00690803+Sp
U_7144185,C_course-v1:TsinghuaX+60240202X+sp
U_7144186,C_course-v1:TsinghuaX+80000901X_1+2019_T1
U_5182562,C_course-v1:TsinghuaX+30240184+sp
U_7827443,C_course-v1:MITx+6_00_1x+sp
U_7176930,C_course-v1:UQx+Think101x+sp
U_9221179,C_course-v1:TsinghuaX+10421094X_2015_2+sp
U_5329073,C_course-v1:TsinghuaX+20220332X+sp
U_5329072,C_course-v1:Tsinghuax+30130123X+sp
U_7792819,C_course-v1:TsinghuaX+30240184+sp
U_10098099,C_course-v1:LUIBE+2018030701+sp
U_46867,C_course-v1:TsinghuaX+00690342X+sp
U_6597230,C_course-v1:TsinghuaX+00510663X+2019_T1
U_8702315,C_course-v1:CSU+2018020201X+sp
U_7426121,C_course-v1:TsinghuaX+30700313X+sp
U_7666897,C_course-v1:TsinghuaX+30640014X+sp
U_8858781,C_course-v1:TsinghuaX+30640014X+sp
U_603806,C_course-v1:GZHU+136300904+sp
U_4257654,C_course-v1:TsinghuaX+20250103X+sp
U_6636043,C_course-v1:TsinghuaX+30040323X+sp
U_10428040,C_course-v1:qhnu+20181212x+2018_T2
U_9936087,C_course-v1:TsinghuaX+30640014X+sp
U_9336997,C_course-v1:TsinghuaX+00740043_1x+2019_T1
U_8034047,C_course-v1:TsinghuaX+00612643X+sp
U_1136085,C_course-v1:TsinghuaX+00691153X+sp
U_10696571,C_course-v1:TsinghuaX+00740043_1x+2019_T1
U_10696573,C_course-v1:TsinghuaX+20240103X+2019_T1
U_10696577,C_course-v1:TsinghuaX+00740123_X+sp
U_6405153,C_course-v1:TsinghuaX+00740043_2x_2015_T2+sp
U_7153843,C_course-v1:TsinghuaX+20220332X+sp
U_9021318,C_course-v1:NCTU+lhtl+2019_T1
U_10501649,C_course-v1:SCUT+2018122802X+2018_T2
U_10772141,C_course-v1:TsinghuaX+10610224X+2019_T1
U_10772144,C_course-v1:TsinghuaX+00612643X+2019_T1
U_10772145,C_course-v1:XIYOU+20180208+2019_T1
U_10892313,C_course-v1:TsinghuaX+20150001+2019_T1
U_8270995,C_course-v1:TsinghuaX+00740123_X+sp
U_10744708,C_course-v1:TsinghuaX+20150001+2019_T1
U_10744706,C_course-v1:TsinghuaX+20150001+2019_T1
U_7059414,C_course-v1:TsinghuaX+70120073X+sp
U_7059412,C_course-v1:BIT+PHY17016+sp
U_520358,C_course-v1:TsinghuaX+30640014X+sp
U_9268376,C_course-v1:TsinghuaX+80000822X+sp
U_8589603,C_course-v1:TsinghuaX+80000901X_2+sp
U_10551331,C_course-v1:TsinghuaX+30640014X+2019_T1
U_7589020,C_course-v1:TsinghuaX+30640014X+sp
U_9299184,C_course-v1:TsinghuaX+2070071X+2017_T1
U_9886851,C_course-v1:TsinghuaX+00740043X_2015_T2+sp
U_10843508,C_course-v1:TsinghuaX+30240184+sp
U_7124622,C_course-v1:MITx+15_390_2x+sp
U_6494431,C_course-v1:TsinghuaX+30240243X+sp
U_9845881,C_course-v1:TsinghuaX+20120143X+2019_T1
U_9436933,C_course-v1:TsinghuaX+20220053X_2015_T2+sp
U_9436932,C_course-v1:TsinghuaX+00040132X+sp
U_2668185,C_course-v1:TsinghuaX+70240403+2019_T1
U_6996052,C_course-v1:NJU+2018032001X+sp
U_9461967,C_course-v1:CSU+25071011201+2019_T1
U_9461964,C_course-v1:TsinghuaX+20140064X+2018_sp
U_10756727,C_course-v1:TsinghuaX+10421094X+2019_T1
U_7450500,C_course-v1:TsinghuaX+10610193X+sp
U_6037780,C_course-v1:TsinghuaX+20330334X_2015_2+sp
U_57473,C_course-v1:TsinghuaX+20330334X_2015_2+sp
U_8226904,C_course-v1:TsinghuaX+30240184_2X+sp
U_8139804,C_course-v1:NBCC+NBCC000201+_sp
U_8424304,C_course-v1:TsinghuaX+30240243X+sp
U_8424307,C_course-v1:MITx+6_00_1x+sp
U_5191657,C_course-v1:TsinghuaX+00740123_X+sp
U_9351559,C_course-v1:TsinghuaX+10610224X+sp
U_9800058,C_course-v1:TsinghuaX+30640014X+sp
U_8494436,C_course-v1:TsinghuaX+30240184+sp
U_3050438,C_course-v1:TsinghuaX+20220332X+sp
U_9351551,C_course-v1:TsinghuaX+20220332X+sp
U_10140937,C_course-v1:TsinghuaX+30240184+sp
U_10948941,C_course-v1:LUIBE+201808063+2019_T1
U_8017694,C_course-v1:MITx+6_00_1x+sp
U_8017692,C_course-v1:TsinghuaX+20430064_2X+sp
U_9005550,C_course-v1:TsinghuaX+00612642X+sp
U_1068173,C_course-v1:MITx+6_00_1x+sp
U_3223580,C_course-v1:ACCA+MA1_X+sp
U_9275523,C_course-v1:TsinghuaX+30640014X+sp
U_1880263,C_course-v1:TsinghuaX+00690863X+sp
U_9048106,C_course-v1:NJU+2018032002X+SP
U_4360637,C_course-v1:TsinghuaX+00040132X+sp
U_11968071,C_course-v1:MITx+6_00_1x+sp
U_721805,C_course-v1:TsinghuaX+00740043_1x+2019_T1
U_10531761,C_course-v1:TsinghuaX+30640014X+sp
U_9774670,C_course-v1:TsinghuaX+THU201605X+sp
U_10504410,C_course-v1:JNU+2018012501X+sp
U_10884399,C_course-v1:FUDANx+ECON13000701+2019_T1
U_7591755,C_course-v1:TsinghuaX+20140064X+2018_sp
U_8784108,C_course-v1:TsinghuaX+30640014X+sp
U_8784101,C_course-v1:TJU+2010241X+sp
U_7521217,C_course-v1:TsinghuaX+70120073X+sp
U_9742363,C_course-v1:TsinghuaX+00740043X_2015_T2+sp
U_1094022,C_course-v1:MITx+6_00_1x+sp
U_9289455,C_course-v1:HEBUT+20170921001+sp
U_2736512,C_course-v1:TsinghuaX+00740123_X+sp
U_4700652,C_course-v1:TsinghuaX+00740043X_2015_T2+sp
U_8399668,C_course-v1:TsinghuaX+00690342X+sp
U_6052646,C_course-v1:TsinghuaX+00612642X+sp
U_1063072,C_course-v1:MITx+6_00_1x+sp
U_9895947,C_course-v1:TsinghuaX+00670122X+2019_T1
U_534749,C_course-v1:WUT+WUT2016001+sp
U_8425772,C_course-v1:TsinghuaX+30806872X+sp
U_9550456,C_course-v1:WUT+WUT2016001+sp
U_10521262,C_course-v1:TsinghuaX+20220332X+sp
U_9738377,C_course-v1:TsinghuaX+90640012X+sp
U_10879234,C_course-v1:HUBU+20170227X+sp
U_6525328,C_course-v1:TsinghuaX+30240184_2X+sp
U_2720744,C_course-v1:UQx+Think101x+sp
U_10292733,C_course-v1:NJU+C1026+2016_T2
U_8377752,C_course-v1:TsinghuaX+30640014X+sp
U_9655064,C_course-v1:TsinghuaX+00612643X+2019_T1
U_2949510,C_course-v1:TsinghuaX+30240184+sp
U_10223213,C_course-v1:TsinghuaX+20430054X_1+sp
U_8431504,C_course-v1:TsinghuaX+30640014X+sp
U_6706617,C_course-v1:TsinghuaX+30240243X+sp
U_8708637,C_course-v1:TsinghuaX+30670043X+sp
U_8695744,C_course-v1:TsinghuaX+70150023X+sp
U_7704565,C_course-v1:TsinghuaX+30640014X+sp
U_1725921,C_course-v1:TsinghuaX+THU201605X+sp
U_1725928,C_course-v1:MIL+MIL2016001+sp
U_7748493,C_course-v1:TsinghuaX+2018031601X+2019_T1
U_925107,C_course-v1:TsinghuaX+00690342X+sp
U_260075,C_course-v1:TsinghuaX+20220053X_2015_T2+sp
U_7371227,C_course-v1:MicrosoftX+Microsoft101+sp
U_2518135,C_course-v1:TsinghuaX+30640014X+sp
U_9615477,C_course-v1:TsinghuaX+2018032801X+2018_T1
U_6348389,C_course-v1:TsinghuaX+20220053X_2015_T2+sp
U_6348388,C_course-v1:TsinghuaX+00740113_2X+sp
U_11213030,C_course-v1:HUBU+HU08002X+sp
U_9288685,C_course-v1:FUDANx+ECON1300812+sp
U_9771466,C_course-v1:DUT+3412113011+2019_T1
U_7063959,C_course-v1:MITx+6_00_1x+sp
U_689806,C_course-v1:TsinghuaX+20120143X+sp
U_6023862,C_course-v1:TsinghuaX+80512073X+2019_T1
U_118279,C_course-v1:TsinghuaX+30240184+sp
U_11964616,C_course-v1:BNU+2018091303X+2019_T1
U_9881562,C_course-v1:MITx+6_002x+sp
U_6524754,C_course-v1:MITx+6_00_1x+sp
U_8423680,C_course-v1:TsinghuaX+2018032801X+2018_T1
U_10669600,C_course-v1:FUDANx+ECON130080+2019_T1
U_10563626,C_course-v1:TsinghuaX+00740113_1X+sp
U_1090841,C_course-v1:XJTU+2018121301X+2018_T2
U_8657157,C_course-v1:TsinghuaX+30240184+sp
U_7581976,C_course-v1:TsinghuaX+30640014X+sp
U_8430573,C_course-v1:TsinghuaX+30640014X+sp
U_8430574,C_course-v1:TsinghuaX+00740123_X+sp
U_7518756,C_course-v1:TsinghuaX+20220332X+2019_T1
U_1074349,C_course-v1:TsinghuaX+00740123_X+sp
U_9814595,C_course-v1:TsinghuaX+80000901X_1+sp
U_9814594,C_course-v1:TsinghuaX+20250064+sp
U_1982875,C_course-v1:TsinghuaX+30240243X+sp
U_1982873,C_course-v1:TsinghuaX+20430064X+sp
U_8479826,C_course-v1:UQx+Think101x+sp
U_9609036,C_course-v1:TsinghuaX+30240184+sp
U_9609030,C_course-v1:CSU+210201T10+sp
U_10233020,C_course-v1:TsinghuaX+80000271X+sp
U_9370683,C_course-v1:TsinghuaX+00740043X_2015_T2+sp
U_8528788,C_course-v1:NCTU+lhtl+2019_T1
U_10741865,C_course-v1:TsinghuaX+30640014X+sp
U_7137320,C_course-v1:TsinghuaX+34100325_X+sp
U_10741860,C_course-v1:BNU+2017071001X+2019_T1
U_10741863,C_course-v1:TsinghuaX+30150153X+sp
U_7953227,C_course-v1:TsinghuaX+00040132X+sp
U_7953222,C_course-v1:ZUELX+B0800280+sp
U_7953229,C_course-v1:TsinghuaX+10610183_2X+sp
U_8838058,C_course-v1:TsinghuaX+10610224X+sp
U_9718013,C_course-v1:TsinghuaX+30640014X+sp
U_8245530,C_course-v1:TsinghuaX+30640014X+sp
U_7687339,C_course-v1:TsinghuaX+70150023X+sp
U_6522400,C_course-v1:TsinghuaX+20250064+sp
U_168450,C_course-v1:TsinghuaX+00740043X_2015_T2+sp
U_7068501,C_course-v1:TsinghuaX+90640012X+sp
U_7068502,C_course-v1:TsinghuaX+44100343X+2019_T1
U_8884431,C_course-v1:TsinghuaX+10430484X_2015_2+sp
U_1133818,C_course-v1:TsinghuaX+20350033X+sp
U_2552325,C_course-v1:UST+UST001+sp
U_255634,C_course-v1:TsinghuaX+30240184+sp
U_6019041,C_course-v1:Tsinghua+20150001+sp
U_10016916,C_course-v1:TsinghuaX+30700313X+sp
U_9344392,C_course-v1:CQU+2017121401X+2019_T1
U_9290292,C_course-v1:TsinghuaX+00690342X+sp
U_10887185,C_course-v1:TsinghuaX+30640014X+sp
U_10609787,C_course-v1:TsinghuaX+AP000005X+2019_T1
U_10609788,C_course-v1:SCUT+145033+sp
U_7115022,C_course-v1:TsinghuaX+30640014X+sp
U_7115024,C_course-v1:TsinghuaX+00740043X_2015_T2+sp
U_8074214,C_course-v1:TsinghuaX+10610224X+sp
U_8722834,C_course-v1:MicrosoftX+Microsoft101+sp
U_7009844,C_course-v1:FudanX+SOSC120007+sp
U_17115,C_course-v1:TsinghuaX+40050444X+sp
U_1230574,C_course-v1:TsinghuaX+20180412+2019_T1
U_8925637,C_course-v1:TsinghuaX+60610231+2016_T2_SP
U_419521,C_course-v1:TsinghuaX+00670122X+sp
U_4351217,C_course-v1:TsinghuaX+30240184_2X+sp
U_594822,C_course-v1:TsinghuaX+80515522X+sp
U_10990235,C_course-v1:TsinghuaX+00510133X+2019_T1
U_5248047,C_course-v1:TsinghuaX+20250103X+sp
U_7277366,C_course-v1:MITx+6_00_1x+sp
U_8996038,C_course-v1:TsinghuaX+00670122X+sp
U_8996031,C_course-v1:LZU+20171113+SP
U_8996035,C_course-v1:TsinghuaX+00740043X_2015_T2+sp
U_10433997,C_course-v1:TsinghuaX+30240184_2X+sp
U_9608229,C_course-v1:TsinghuaX+60240013X+sp
U_6050558,C_course-v1:TsinghuaX+70150023X+sp
U_9142776,C_course-v1:TsinghuaX+00740043_2x_2015_T2+sp
U_10487800,C_course-v1:TsinghuaX+30640014X+2019_T1
U_10487803,C_course-v1:TsinghuaX+10430484X_2015_2+sp
U_10676971,C_course-v1:TsinghuaX+40050444X+sp
U_4260323,C_course-v1:TsinghuaX+00740043X_2015_T2+sp
U_8427644,C_course-v1:TsinghuaX+34100325_X+sp
U_10532870,C_course-v1:MITx+6_00_1x+sp
U_9169082,C_course-v1:TsinghuaX+00612643X+sp
U_8386097,C_course-v1:TsinghuaX+30640014X+sp
U_10525034,C_course-v1:TsinghuaX+00740043_1x+2019_T1
U_8501636,C_course-v1:TsinghuaX+30240184_2X+sp
U_10920005,C_course-v1:TsinghuaX+30700313X+2019_T1
U_7363568,C_course-v1:TsinghuaX+10430484X_2015_2+sp
U_3035221,C_course-v1:TsinghuaX+30670043X+sp
U_10264165,C_course-v1:TsinghuaX+20140064_2X+2018_sp
U_2642586,C_course-v1:TsinghuaX+20330334X_2015_2+sp
U_7576260,C_course-v1:TsinghuaX+Pr20170406-SC_p1+sp
U_9089649,C_course-v1:TsinghuaX+00740043X_2015_T2+sp
U_9089648,C_course-v1:TsinghuaX+20250103X+sp
U_9641539,C_course-v1:TsinghuaX+80240372X+2019_T1
U_8157876,C_course-v1:TsinghuaX+30640014X+sp
U_10524992,C_course-v1:TsinghuaX+00612642X+sp
U_10524993,C_course-v1:TsinghuaX+30700313X+sp
U_10524990,C_course-v1:TsinghuaX+81020142X+sp
U_10524991,C_course-v1:KMUSTX+8209001+sp
U_7171268,C_course-v1:TsinghuaX+00740123_X+sp
U_8846599,C_course-v1:TsinghuaX+Thesis2018+sp
U_8997221,C_course-v1:TsinghuaX+80590952X+sp
U_8997225,C_course-v1:TsinghuaX+60700052X+2019_T2
U_665872,C_course-v1:TsinghuaX+10421094X_2015_2+sp
U_10038774,C_course-v1:TsinghuaX+30640014X+sp
U_10038770,C_course-v1:TsinghuaX+10610224X+sp
U_10023882,C_course-v1:TsinghuaX+20220332X+2019_T1
U_10940301,C_course-v1:XJTU+CHEM330109+2019_T1
U_7880421,C_course-v1:TsinghuaX+00740043X_2015_T2+sp
U_9497214,C_course-v1:TsinghuaX+30240184+sp
U_7585828,C_course-v1:TsinghuaX+TSINGHUA107+sp
U_10219315,C_course-v1:TsinghuaX+30240184+sp
U_697798,C_course-v1:TsinghuaX+30240243X+sp
U_8385229,C_course-v1:MITx+6_00_1x+sp
U_10349452,C_course-v1:TsinghuaX+20350033X+sp
U_10419928,C_course-v1:TsinghuaX+30700313X+sp
U_7849181,C_course-v1:TsinghuaX+80000901X_2+sp
U_10528609,C_course-v1:TsinghuaX+00510888X+2019_T1
U_2985349,C_course-v1:TsinghuaX+20430064X+sp
U_7026569,C_course-v1:TsinghuaX+20250064X+sp
U_8001558,C_course-v1:SCUT+145033+sp
U_10046769,C_course-v1:CSU+20180918X+2018_T2
U_6452271,C_course-v1:TsinghuaX+10620204X+2019_T1
U_10956556,C_course-v1:TsinghuaX+10421075X+2019_T1
U_7210974,C_course-v1:TsinghuaX+20120143X+sp
U_8058277,C_course-v1:TsinghuaX+30640014X+sp
U_11168778,C_course-v1:HNU+GE14068+2019_T1
U_8123707,C_course-v1:TsinghuaX+00740043_2x_2015_T2+sp
U_8123701,C_course-v1:MITx+6_00_1x+sp
U_8549979,C_course-v1:TsinghuaX+00612642X+sp
U_9088814,C_course-v1:TsinghuaX+00690863X+sp
U_9640588,C_course-v1:TsinghuaX+00740043_1x+2019_T1
U_10525929,C_course-v1:TsinghuaX+10610193X+sp
U_9316930,C_course-v1:TsinghuaX+90640012X+sp
U_8849760,C_course-v1:NUDT+125205501+sp
U_8794449,C_course-v1:TsinghuaX+TSINGHUA107+sp
U_1584143,C_course-v1:TsinghuaX+THESIS2015X+2015_T1
U_1584145,C_course-v1:TsinghuaX+30240184+sp
U_8794442,C_course-v1:TsinghuaX+20220053X_2015_T2+sp
U_8407378,C_course-v1:MITx+6_00_1x+sp
U_6471914,C_course-v1:BIT+PHY1701702+sp
U_8407377,C_course-v1:TsinghuaX+30640014X+sp
U_8540483,C_course-v1:JXUST+JXUST2016001+2016_T2
U_9866758,C_course-v1:HEBNU+2017011901X+sp
U_11943048,C_course-v1:RiceX+BIOC372_1x+sp
U_1086165,C_course-v1:TsinghuaX+10610224X+sp
U_8355352,C_course-v1:TsinghuaX+00740043X_2015_T2+sp
U_9594418,C_course-v1:TsinghuaX+20220332X+sp
U_2618861,C_course-v1:SPI+40281x+sp
U_11520681,C_course-v1:CSU+25071011201+2019_T1
U_8417109,C_course-v1:CUNY+20171211001+sp
U_4441491,C_course-v1:TsinghuaX+10610224X+2019_T1
U_4441494,C_course-v1:TsinghuaX+00690092X+sp
U_7518617,C_course-v1:TsinghuaX+30240184+sp
U_10735594,C_course-v1:TsinghuaX+30240243X+sp
U_9351382,C_course-v1:TsinghuaX+90640012X+sp
U_9826887,C_course-v1:TsinghuaX+30240243X+sp
U_2937052,C_course-v1:TsinghuaX+30240184_2X+sp
U_700497,C_course-v1:TsinghuaX+80000901X_1+sp
U_7424764,C_course-v1:TsinghuaX+10430484X_2015_2+sp
U_10391062,C_course-v1:FUDANx+SOSC120007+2019_T1
U_10391063,C_course-v1:TsinghuaX+20430064_2X+sp
U_7551473,C_course-v1:TsinghuaX+90640012X+sp
U_7570248,C_course-v1:TsinghuaX+30640014X+sp
U_9813686,C_course-v1:TsinghuaX+20250064X+sp
U_9813684,C_course-v1:TsinghuaX+20250103X+sp
U_8548949,C_course-v1:TsinghuaX+30700313X+sp
U_9982259,C_course-v1:TsinghuaX+20220053X_2015_T2+sp
U_1942014,C_course-v1:MITx+6_00_1x+sp
U_10062668,C_course-v1:TsinghuaX+10610224X+sp
U_432897,C_course-v1:TsinghuaX+20250064+sp
U_7137944,C_course-v1:TsinghuaX+64100033X+SP
U_6110874,C_course-v1:TsinghuaX+40050455X+sp
U_6827722,C_course-v1:TsinghuaX+2018032801X+2018_T1
U_9957668,C_course-v1:TsinghuaX+30240243X+sp
U_611088,C_course-v1:MITx+6_00_1x+sp
U_1633515,C_course-v1:TsinghuaX+30700313X+sp
U_4185815,C_course-v1:TsinghuaX+20140064_2X+2018_sp
U_10250173,C_course-v1:TsinghuaX+80000271X+sp
U_7882882,C_course-v1:TsinghuaX+00691153X+sp
U_8806115,C_course-v1:TsinghuaX+80515522X+sp
U_11592282,C_course-v1:CSU+20180910X+2019_T1
U_9562361,C_course-v1:FudanX+SOSC120007+sp
U_8169533,C_course-v1:XJTU+C00204+sp
U_11745531,C_course-v1:TsinghuaX+00040132X+sp
U_8368276,C_course-v1:RiceX+AdvBIO_4x+sp
U_8368279,C_course-v1:DYU+dyuwgzbbm+sp
U_3204047,C_course-v1:TsinghuaX+00740113_1X+sp
U_242132,C_course-v1:TsinghuaX+30040323X+sp
U_10075753,C_course-v1:Tsinghua+Thesis2017X+2017_T1
U_11701058,C_course-v1:YSU+20180301002+2019_T1
U_9884865,C_course-v1:UST+UST001+sp
U_2811829,C_course-v1:TsinghuaX+00670122X+sp
U_500304,C_course-v1:TsinghuaX+00680082X+sp
U_8124024,C_course-v1:TsinghuaX+20120143X+sp
U_1897006,C_course-v1:TsinghuaX+64100033X+SP
U_11909253,C_course-v1:TsinghuaX+10610193X+sp
U_9897027,C_course-v1:TsinghuaX+30240184+sp
U_706707,C_course-v1:TsinghuaX+30240184+sp
U_6729222,C_course-v1:TsinghuaX+20250064+sp
U_2704958,C_course-v1:MITx+15_390_2x+sp
U_10632142,C_course-v1:TsinghuaX+80000901X_1+2019_T1
U_422591,C_course-v1:TsinghuaX+10421075X_2015_2+sp
U_8397563,C_course-v1:TsinghuaX+20220332X+2019_T1
U_23752,C_course-v1:TsinghuaX+00740043_2x_2015_T2+sp
U_8822932,C_course-v1:TsinghuaX+00612643X+sp
U_7746628,C_course-v1:TsinghuaX+30240184+sp
U_7782948,C_course-v1:TsinghuaX+30240184+sp
U_11005243,C_course-v1:MIL+MIL2016001+sp
U_7948802,C_course-v1:UST+UST001+sp
U_1945580,C_course-v1:UST+UST001+sp
U_2927368,C_course-v1:TsinghuaX+10421094X_2015_2+sp
U_1775897,C_course-v1:TsinghuaX+30240184+sp
U_1775898,C_course-v1:TsinghuaX+30240243X+sp
U_11589534,C_course-v1:TsinghuaX+10620204X+2019_T1
U_7834370,C_course-v1:TsinghuaX+00690863X+sp
U_9896982,C_course-v1:TsinghuaX+20250103X+sp
U_467041,C_course-v1:BNU+2018091301X+2019_T1
U_10196388,C_course-v1:TsinghuaX+20250064+sp
U_199058,C_course-v1:TsinghuaX+00690242+sp
U_8750022,C_course-v1:TsinghuaX+00740043X_2015_T2+sp
U_10578278,C_course-v1:TsinghuaX+00510663X+2019_T1
U_10581908,C_course-v1:WUT+1022817X+2019_T1
